Persona,JobID,JobName,Workflow,RequiredInputs,CanonicalObjects,PersonaObjects,Methods,Screens,WorkProducts,Automations,HumanDecisions,ProhibitedOutcomes,Validation,GoldCase,Status
Investigator,INV-01,Case intake & scope,"Create case; define mandate; set scope/date bounds","Mandate text; scope; sources; date range","Workspace; sources; source versions","InvestigationCase","intake; scope","Case Home; Intake and Scope","Investigation Plan","Suggest scope gaps","Confirm scope","Decide case merits","Scope persists; sources bound","process deviation case","Absent"
Investigator,INV-02,Subject workup,"Assemble everything known about a subject","Subject identity; sources","Entities; events; Claims; evidence","InvestigationSubject","select evidence; review","Subject Dossier","Subject Dossier","Suggest related mentions","Confirm subject identity","Assert guilt","Dossier cites exact evidence","identity ambiguity case","Absent"
Investigator,INV-03,Identity resolution,"Resolve aliases/identifiers to one canonical subject","Candidate identifiers; mentions","Entities; aliases; mentions","Identifier; IdentityResolutionDecision","review evidence; decision","Identity Resolution","Identity Resolution Decision log","Propose merges","Confirm/reject merge","Auto-merge without review","Merge reversible; decision recorded","identity ambiguity case","Absent"
Investigator,INV-04,Brainstorm board,"Capture ideas/hypotheses/leads as typed proposals","Case context","Claims (known only)","Lead; Hypothesis","brainstorm","Brainstorm Board","Brainstorm export","Suggest questions","Promote proposal to hypothesis","Treat idea as fact","Items typed; only known-Claim canonical","conflicting accounts case","Absent"
Investigator,INV-05,5W1H worksheet,"Answer who/what/when/where/why/how from evidence","Sources; Claims","Claims; events; entities","(workflow state)","5W1H; select evidence","5W1H","5W1H Worksheet","Prefill from Claims","Confirm each cell","Fabricate unknown W","Each cell cites or marked unknown","process deviation case","Absent"
Investigator,INV-06,Evidence collection plan,"Plan what evidence to gather for each hypothesis","Hypotheses; gaps","Gaps; Claims","EvidenceRequest","gap analysis; form","Evidence Collection Plan","Evidence Collection Plan","Propose missing-evidence requests","Confirm requests","Assert evidence exists","Requests link hypotheses","payment discrepancy case","Absent"
Investigator,INV-07,Hypothesis matrix,"Score hypotheses against evidence for/against","Hypotheses; evidence","Claims; contradictions","Hypothesis; HypothesisEvidenceLink","hypothesis matrix; review","Hypothesis Matrix","Hypothesis Matrix","Compute evidence profile","Confirm/reject hypothesis","Pick winner autonomously","Unsupported stays proposal","conflicting accounts case","Absent"
Investigator,INV-08,Source reliability,"Assess reliability of each source/custodian","Sources; custody","Sources; source versions; custody","SourceReliabilityAssessment (shared OPS-006)","review evidence; matrix","Source Reliability","Source Reliability Schedule","Flag single-source items","Confirm reliability rating","Auto-rate as fact","Rating recorded; independence noted","conflicting accounts case","Absent"
Investigator,INV-09,Investigation timeline,"Build cited chronology of events","Events; dates","Events; Claims; evidence","(workflow state)","timeline analysis","Investigation Timeline","Chronology","Order by lineage date","Confirm inclusion","Invent dates","Undated labelled; each row cited","project delay case","Partial"
Investigator,INV-10,Relationship graph,"Map evidence-backed relationships","Entities; relationships","Entities; relationships; events","(workflow state)","relationship analysis; graph","Relationship Graph","Relationship Report","Propose edges from co-evidence","Confirm edges","Assert relationship w/o evidence","Edges cite evidence","conflicting accounts case","Absent"
Investigator,INV-11,Transaction & asset flow,"Trace transactions/assets across sources","Transactions; amounts","Events; Claims; structured tables","(workflow state)","transaction flow; calculation","Transaction and Asset Flow","Transaction/Asset Flow","Sum/trace flows","Confirm flow","Conclude fraud","Amounts cite source cells","payment discrepancy case","Absent"
Investigator,INV-12,Contradiction & gap desk,"Review contradictions and missing evidence in scope","Claims; contradictions; gaps","Contradictions; gaps; Claims","(workflow state)","contradiction matrix; gap analysis","Contradiction and Gap Desk","Contradiction Schedule; Missing-Evidence Register","Detect contradictions/gaps","Confirm/dismiss","Average conflicting accounts","Both sides preserved; absence not proof","conflicting accounts case","Partial"
Investigator,INV-13,Five Whys,"Trace causal chain with evidence at each level","Problem statement; evidence","Claims; events; evidence","(workflow state)","five whys; review","Five Whys","Five-Whys Analysis","Prefill supported levels","Confirm each Why","Force five levels w/o evidence","Stops early when unsupported","process deviation case","Absent"
Investigator,INV-14,Fishbone,"Categorize candidate causes by branch","Problem; evidence","Claims; events","(workflow state)","fishbone; brainstorm","Fishbone","Fishbone Analysis","Suggest bones from evidence","Confirm relevance","Call a bone the root cause","Bones are candidate causes","process deviation case","Absent"
Investigator,INV-15,Root-cause assessment,"Weigh candidate causes; record human determination","Candidate causes; evidence","Claims; events; contradictions","RootCauseCandidate","root-cause assessment; human approval","Root-Cause Assessment","Root-Cause Assessment","Compute evidence profile","Human root-cause decision","App confirms root cause","Confirmation requires human decision","process deviation case","Absent"
Investigator,INV-16,CAPA register,"Record corrective/preventive actions linked to causes","Confirmed/candidate causes","Claims; events","CAPAAction","capa; form","CAPA Register","CAPA Register","Draft candidate actions","Confirm owner/due/action","Close CAPA autonomously","Each action links a cause","process deviation case","Absent"
Investigator,INV-17,Effectiveness review,"Verify CAPA effectiveness with evidence","CAPA actions; new evidence","Claims; events; evidence","EffectivenessCheck","effectiveness review","Effectiveness Review","Effectiveness Review","Flag due checks","Confirm effectiveness","Declare effective w/o evidence","Effectiveness cites evidence","process deviation case","Absent"
Investigator,INV-18,Chain of custody,"Maintain custody chain for exhibits","Sources; custody events","Sources; source versions; custody","(workflow state)","review; form","Evidence Vault and Custody","Evidence/Custody Manifest","Record custody events","Confirm custody entries","Break custody silently","Custody hash per version","payment discrepancy case","Partial"
Investigator,INV-19,Investigation findings,"Produce cited findings report","Selected Claims; scope","Claims; contradictions; gaps","(workflow state)","work-product build","Closure and Export","Investigation Findings","Assemble cited findings","Approve report","Assert unproven findings","Report==receipt; material cites reopen","process deviation case","Partial"
Investigator,INV-20,Closure & export,"Close case; export report + receipt","Findings; approvals","Claims; work product run","ClosureDecision","closure; work-product build","Closure and Export","Closure Report; sealed receipt","Prepare closure package","Human closure decision","Close w/o human decision","Sealed receipt verifies","process deviation case","Absent"
Researcher,RES-01,Research protocol,"Define question; scope; method plan","Question; corpus; scope","Workspace; sources","(workflow state)","intake; scope","Protocol screen","Research Protocol","Suggest scope","Confirm protocol","Decide findings","Protocol persists","(gold case TBD)","Absent"
Researcher,RES-02,Corpus catalogue,"Catalogue every source with provenance","Sources","Sources; source versions","(workflow state)","form; table","Corpus Catalogue","Corpus Catalogue","Auto-list sources","Confirm inclusion","Assert authenticity","Every source has provenance","(gold case TBD)","Absent"
Researcher,RES-03,Metadata & finding aid,"Record structured metadata per source","Sources","Sources; entities","(workflow state)","form","Metadata screen","Metadata export","Prefill metadata","Confirm metadata","Invent metadata","Metadata cites source","(gold case TBD)","Absent"
Researcher,RES-04,Transcription & coding,"Transcribe/correct source text with locators","Audio/image sources","EvidenceBlocks; locators; transcript segments","(workflow state)","transcription; review","Transcription screen","Corrected transcript","Propose transcription","Confirm corrections","Assert unheard words","Segments carry timecodes/locators","(gold case TBD)","Absent"
Researcher,RES-05,Authority control,"Unify names/terms to canonical authorities","Entities; aliases","Entities; aliases","(workflow state)","review; decision","Authority Control","Authority file","Propose unifications","Confirm authority","Auto-unify w/o review","Reversible; recorded","(gold case TBD)","Absent"
Researcher,RES-06,Source criticism,"Assess origin/bias/reliability of sources","Sources","Sources; assessments","SourceReliabilityAssessment (shared OPS-006)","source criticism; review","Source Criticism","Source Criticism notes","Flag single/derivative sources","Confirm assessment","Declare truth from one source","Independence recorded","(gold case TBD)","Absent"
Researcher,RES-07,Screening (include / exclude),"Screen documents in/out by criteria","Corpus; criteria","Sources; Claims","(workflow state)","form; table","Screening screen","Screening log","Propose in/out","Confirm screening","Auto-exclude silently","Decisions recorded; reversible","(gold case TBD)","Absent"
Researcher,RES-08,Extraction & coding,"Code passages into structured findings","Sources; codebook","EvidenceBlocks; Claims","(workflow state)","form; matrix","Coding screen","Coded dataset","Suggest codes","Confirm codes","Fabricate coded content","Each code cites a block","(gold case TBD)","Absent"
Researcher,RES-09,Chronology & periodisation,"Build periodised timeline","Events; dates","Events; HistoryItems; Claims","(workflow state)","timeline analysis","Chronology screen","Chronology","Order by lineage date","Confirm periods","Invent dates/periods","Undated labelled; cited","(gold case TBD)","Partial"
Researcher,RES-10,Prosopography,"Compile collective biography of a group","Entities; events","Entities; events; Claims","(workflow state)","relationship analysis; table","Prosopography screen","Prosopography table","Aggregate per person","Confirm entries","Assert unknown biography","Each cell cites evidence","(gold case TBD)","Absent"
Researcher,RES-11,Interpretation comparison,"Compare competing interpretations with evidence","Claims; interpretations","Claims; contradictions","(historical interpretation refs)","contradiction matrix; review","Interpretation screen","Interpretation comparison","Surface both sides","Confirm interpretation","Pick a winner","Both accounts preserved","(gold case TBD)","Absent"
Researcher,RES-12,Alternative histories,"Explore evidence-bounded counterfactuals","Events; causal links","Events; causal links (scenario)","(scenario overlay)","timeline analysis; scenario","Alternative Histories","Alternative-history note","Compose scenario overlay","Confirm scenario scope","Present scenario as fact","Scenario never mutates ledger","(gold case TBD)","Absent"
Researcher,RES-13,Bibliography & citation audit,"Verify citations resolve to sources","Citations; sources","Sources; source versions","(workflow state)","review; form","Bibliography screen","Bibliography; citation audit","Check citation resolution","Confirm citations","Assert unresolved cite","Every cite reopens source","(gold case TBD)","Absent"
Researcher,RES-14,Annotated edition,"Assemble annotated edition/export","Selected sources; notes","Sources; Claims; work product run","(workflow state)","work-product build","Edition screen","Annotated edition; receipt","Assemble edition","Approve edition","Alter source text silently","Report==receipt; cites reopen","(gold case TBD)","Absent"
Journalist,JRN-01,Story intake,"Frame story; scope; sources","Story premise; scope; sources","Workspace; sources","(workflow state)","intake; scope","Story Intake","Story brief","Suggest scope","Confirm premise","Decide truth of story","Scope persists","(gold case TBD)","Absent"
Journalist,JRN-02,Fact-check board,"Track each story claim + support","Claims; sources","Claims; evidence","(story claim refs)","matrix; review","Claim Board","Claim board export","Prefill from Claims","Confirm claim status","Publish unverified claim","Each claim cites evidence","(gold case TBD)","Absent"
Journalist,JRN-03,Source map,"Map sources and what each supports","Sources; Claims","Sources; entities; Claims","(workflow state)","graph; relationship analysis","Source Map","Source map","Propose links","Confirm links","Expose confidential source","Links cite evidence","(gold case TBD)","Absent"
Journalist,JRN-04,Source reliability,"Rate source reliability/independence","Sources","Sources; assessments","SourceReliabilityAssessment (shared OPS-006)","source criticism; review","Source Reliability","Source reliability schedule","Flag single-source claims","Confirm rating","Auto-rate as fact","Independence recorded","(gold case TBD)","Absent"
Journalist,JRN-05,Interview plan,"Plan interviews/questions from gaps","Gaps; Claims","Gaps; Claims","EvidenceRequest","gap analysis; form","Interview Plan","Interview plan","Propose questions","Confirm questions","Assert answers","Questions link gaps","(gold case TBD)","Absent"
Journalist,JRN-06,Quote book,"Collect quotations with exact locators","Sources; transcripts","EvidenceBlocks; locators; Claims","(quote refs)","select evidence; review","Quote Book","Quote book","Extract candidate quotes","Confirm quote/context","Alter a quote","Each quote cites exact locator","(gold case TBD)","Absent"
Journalist,JRN-07,Transcript correction,"Correct transcripts preserving provenance","Audio/transcripts","Transcript segments; locators","(workflow state)","transcription; review","Transcript screen","Corrected transcript","Propose corrections","Confirm corrections","Invent speech","Timecodes preserved","(gold case TBD)","Absent"
Journalist,JRN-08,Tick-tock (timeline),"Build cited story timeline","Events; dates","Events; Claims","(workflow state)","timeline analysis","Chronology","Chronology","Order by lineage date","Confirm inclusion","Invent dates","Undated labelled; cited","(gold case TBD)","Partial"
Journalist,JRN-09,Fact verification,"Verify each claim against evidence","Claims; evidence","Claims; contradictions; gaps","(workflow state)","review; contradiction matrix","Fact Verification","Verification log","Run Claim verifier","Confirm verification","Mark verified w/o evidence","Verified claims cite reopenable evidence","(gold case TBD)","Absent"
Journalist,JRN-10,Open questions,"Track what is not yet known","Gaps","Gaps; Claims","(workflow state)","gap analysis","Gap Register","Reporting-gap register","Detect gaps","Confirm gaps","Imply wrongdoing from absence","Absence not proof","(gold case TBD)","Partial"
Journalist,JRN-11,Right of reply,"Track responses/denials from subjects","Correspondence; Claims","Claims; events","(workflow state)","form; review","Right of Reply","Right-of-reply log","Prefill from correspondence","Confirm responses","Omit a reply silently","Replies cited","(gold case TBD)","Absent"
Journalist,JRN-12,Publication decision,"Record human go/no-go with rationale","Verification; legal review","Claims; work product run","(workflow state)","decision; human approval","Publication Decision","Publication decision record","Prepare readiness summary","Human publication decision","App approves publication","Decision is human; audited","(gold case TBD)","Absent"
Journalist,JRN-13,Correction history,"Track post-publication corrections","Published items; new evidence","Claims; work product run","(workflow state)","review; form","Correction History","Correction log","Flag affected claims","Confirm corrections","Rewrite record silently","Corrections versioned","(gold case TBD)","Absent"
Journalist,JRN-14,Publication package,"Assemble cited package + receipt","Verified claims; quotes","Claims; work product run","(workflow state)","work-product build","Publication Package","Publication package; receipt","Assemble package","Approve package","Include unverified fact","Report==receipt; cites reopen","(gold case TBD)","Absent"
Individual,IND-01,Personal records,"Organize personal documents by category","Personal documents","Sources; entities; Claims","(workflow state)","intake; form","Records Home","Records index","Auto-categorize","Confirm categories","Expose sensitive data","SensitiveScope enforced","(gold case TBD)","Absent"
Individual,IND-02,Official-document versions,"Track versions of official documents","Documents","Sources; source versions","(workflow state)","review; table","Document Versions","Version history","Detect new versions","Confirm current version","Discard old version","Version-instead-of-delete","(gold case TBD)","Absent"
Individual,IND-03,Career & education,"Compile career/education record","Resumes; certificates","Entities; events; Claims","(workflow state)","form; timeline","Career screen","Career/education summary","Prefill from documents","Confirm entries","Invent credentials","Each entry cites source","(gold case TBD)","Absent"
Individual,IND-04,Family records,"Organize family documents/relationships","Family documents","Entities; relationships; events","(workflow state)","relationship analysis","Family screen","Family record","Propose relationships","Confirm relationships","Assert relationship w/o evidence","Relationships cite evidence","(gold case TBD)","Absent"
Individual,IND-05,Property,"Track property documents/ownership","Deeds; bills","Sources; events; Claims","(workflow state)","form; table","Property screen","Property register","Prefill ownership","Confirm ownership","Assert title","Each entry cites source","(gold case TBD)","Absent"
Individual,IND-06,Insurance,"Track policies/claims/renewals","Policies; correspondence","Sources; events; Claims","Deadline (candidate)","form; table","Insurance screen","Insurance register","Flag renewal candidates","Confirm renewals","Auto-file a claim","Candidate deadline until confirmed","(gold case TBD)","Absent"
Individual,IND-07,Health-record scope,"Organize health records under strict scope","Health documents","Sources; Claims","(workflow state)","review; form","Health screen","Health summary","Categorize records","Confirm scope","Diagnose; leak health data","No diagnosis; SensitiveScope","(gold case TBD)","Absent"
Individual,IND-08,Applications & cases,"Track applications/cases and their documents","Application documents","Sources; events; Claims","Issue; ProfessionalTask","form; workflow","Applications screen","Application tracker","Draft checklists","Confirm submissions","Submit on user's behalf","Tasks link evidence","(gold case TBD)","Absent"
Individual,IND-09,Important dates & renewals,"Turn dated obligations into confirmed reminders","Documents with dates","Events; Claims","Deadline; DeadlineCandidate","review; form","Reminders screen","Reminder list","Extract candidate dates","Confirm each reminder","Fire unconfirmed reminder","Candidate until confirmed","(gold case TBD)","Absent"
Individual,IND-10,Emergency binder (ICE),"Assemble emergency document pack","Key documents","Sources; work product run","(workflow state)","work-product build","Emergency Pack","Emergency pack","Suggest inclusions","Confirm pack","Expose data insecurely","SensitiveScope on export","(gold case TBD)","Absent"
Individual,IND-11,Share safely (redacted),"Share with verified redaction","Documents; recipients","Sources; redaction records","(workflow state)","review; work-product build","Share screen","Redacted export","Propose redactions","Confirm redactions","Leak redacted content","Redaction verified (text+visual)","(gold case TBD)","Absent"
Individual,IND-12,Personal chronology,"Build a cited life timeline","Events; dates","Events; Claims","(workflow state)","timeline analysis","Personal Chronology","Personal chronology","Order by lineage date","Confirm inclusion","Invent dates","Undated labelled; cited","(gold case TBD)","Partial"
Individual,IND-13,Legacy binder,"Assemble durable legacy archive + receipt","Selected documents","Sources; work product run","(workflow state)","work-product build","Legacy screen","Legacy archive; receipt","Assemble archive","Approve archive","Alter records silently","Report==receipt; cites reopen","(gold case TBD)","Absent"
Lawyer,LAW-01,Matter intake,"Open matter; scope; parties; sources","Matter facts; scope; sources","Workspace; sources","Issue","intake; scope","Matter Intake","Matter profile","Suggest scope","Confirm scope","Give legal advice","Scope persists","(gold case TBD)","Absent"
Lawyer,LAW-02,Parties & issues,"Identify parties and legal issues","Parties; issues","Entities; Claims","Issue; IssueLink","form; review","Parties and Issues","Issue register","Propose parties/issues","Confirm parties/issues","Decide liability","Issues link canonical objects","(gold case TBD)","Absent"
Lawyer,LAW-03,Case chronology,"Build a cited statement-of-facts timeline","Events; dates","Events; Claims; evidence","(workflow state)","timeline analysis","Fact Chronology","Chronology / statement of facts","Order by lineage date","Confirm facts","Assert disputed fact as settled","Undated labelled; each fact cited","(gold case TBD)","Partial"
Lawyer,LAW-04,Fact–evidence matrix,"Map each fact to supporting/opposing evidence","Claims; evidence","Claims; contradictions","(workflow state)","matrix; review","Fact-Evidence Matrix","Fact-evidence matrix","Prefill from Claims","Confirm mappings","Average disputed facts","Both sides preserved; cites reopen","(gold case TBD)","Absent"
Lawyer,LAW-05,Witness profiles,"Per-witness summary + contradictions","Transcripts; testimony","Entities; Claims; contradictions","(workflow state)","review; contradiction matrix","Witness Profiles","Witness summaries; impeachment pack","Surface contradictions","Confirm profile","Assert credibility verdict","Contradictions cite both sides","conflicting accounts case","Absent"
Lawyer,LAW-06,Document coding,"Code documents by issue/relevance","Documents; codebook","Sources; Claims","(workflow state)","form; table","Document Coding","Coding log","Suggest codes","Confirm codes","Auto-exclude relevant docs","Decisions recorded; reversible","(gold case TBD)","Absent"
Lawyer,LAW-07,Privilege log,"Flag candidate-privileged documents for review","Documents","Sources; Claims","(workflow state); SensitiveScope","review; decision","Privilege Review","Privilege log","Propose privilege candidates","Confirm privilege","App marks privilege established","Privilege never auto-established","(gold case TBD)","Absent"
Lawyer,LAW-08,Obligations & clauses,"Compare clauses/obligations across documents","Contracts","EvidenceBlocks; Claims","(workflow state)","matrix; calculation","Clause Comparison","Obligations schedule","Align clauses","Confirm comparisons","Interpret contract as advice","Each cell cites clause locator","(gold case TBD)","Absent"
Lawyer,LAW-09,Damages ledger,"Compute damages from source amounts","Financial documents","Events; structured tables; Claims","(workflow state)","calculation; table","Damages Ledger","Damages ledger","Sum/compute amounts","Confirm figures","Assert legal damages","Amounts cite source cells","payment discrepancy case","Absent"
Lawyer,LAW-10,Deadlines,"Track matter deadlines from documents","Documents with dates","Events; Claims","Deadline; DeadlineCandidate","review; form","Deadlines","Deadline calendar","Extract candidate deadlines","Confirm each deadline","Fire unconfirmed deadline","Candidate until confirmed","(gold case TBD)","Absent"
Lawyer,LAW-11,Deposition outline,"Draft deposition outline grounded in the record","Transcripts; Claims","Claims; contradictions","(workflow state)","review; form","Deposition Outline","Deposition outline","Draft questions from record","Confirm outline","Assert answers","Questions cite record","(gold case TBD)","Absent"
Lawyer,LAW-12,Exhibit list & binder,"Assemble exhibit list/binder with index","Selected documents","Sources; work product run","(workflow state)","work-product build","Exhibit Binder","Exhibit list; binder","Compile exhibit index","Confirm exhibits","Alter an exhibit","Each exhibit cites source version","(gold case TBD)","Absent"
Lawyer,LAW-13,Document production,"Produce cited export set with manifest + receipt","Selected docs; scope","Sources; work product run","(workflow state); SensitiveScope","work-product build","Production/Export","Production set; receipt","Assemble production","Approve production","Produce out-of-scope material","Report==receipt; custody hashes","(gold case TBD)","Partial"
Lawyer,LAW-14,Redaction validation,"Verify redactions before disclosure","Documents; redactions","Sources; redaction records","(workflow state); SensitiveScope","review; work-product build","Redaction Validation","Redaction validation record","Propose redactions","Confirm redactions","Disclose redacted content","Text+visual redaction verified","(gold case TBD)","Absent"
Researcher,RES-15,Ask the corpus,"Ask a question over the authorized corpus","Question; matter scope","Sources; EvidenceBlocks; Claims","(workflow state)","retrieval; evidence gate","Ask","Cited answer","Retrieve evidence","Accept/refine answer","Answer beyond the corpus","Every claim cites evidence","(gold case TBD)","Absent"
Researcher,RES-16,Method workbench,"Run structured methods over the matter","Matter; method choice","MethodRuns; Claims; evidence","(workflow state)","5W1H; hypothesis matrix; root cause","Methods","Method run record","Suggest next step","Human review gates","Auto-confirm findings","Method validators enforced","(gold case TBD)","Absent"
Researcher,RES-17,Causal analysis,"Trace why an event unfolded","Event; evidence","MethodRuns; Claims; evidence","(workflow state)","five whys; fishbone","Causal Analysis","Causal chain record","Suggest why-levels","Confirm root cause","Unsupported causal leap","Chain deepens only from supported levels","(gold case TBD)","Absent"
Researcher,RES-18,Errata register,"Track edition corrections to closure","Identified errors","MethodRuns (CAPA); Claims","(workflow state)","CAPA","Errata Register","Errata record","Track action status","Close each erratum","Silently rewrite the edition","Each action links its cause","(gold case TBD)","Absent"
Researcher,RES-19,Errata effectiveness review,"Verify a published correction resolved the issue","Closed erratum","MethodRuns (effectiveness); evidence","(workflow state)","effectiveness check","Effectiveness Review","Effectiveness record","Collect check evidence","Effectiveness decision","Infer effectiveness from closure","Decision is human and evidence-backed","(gold case TBD)","Absent"
Researcher,RES-20,Matter closure,"Close the research matter with sealed state","Matter; open items","InvestigationCase; events","(workflow state)","closure review","Matter Closure","Closure record","List open items","Confirm closure","Destroy history on close","Reopen preserves full history","(gold case TBD)","Absent"
Journalist,JRN-15,Ask the story file,"Ask a question over the story sources","Question; story scope","Sources; EvidenceBlocks; Claims","(workflow state)","retrieval; evidence gate","Ask","Cited answer","Retrieve evidence","Accept/refine answer","Answer beyond sources","Every claim cites evidence","(gold case TBD)","Absent"
Journalist,JRN-16,Method workbench,"Run structured methods over the story","Story; method choice","MethodRuns; Claims; evidence","(workflow state)","5W1H; hypothesis matrix","Methods","Method run record","Suggest next step","Human review gates","Auto-confirm findings","Method validators enforced","(gold case TBD)","Absent"
Journalist,JRN-17,Story data desk,"Build datasets over documents","Documents; fields","Workbench datasets; bindings","(workflow state)","dataset; transform","DataLab","Cited dataset","Propose columns","Review derived values","Fabricate a value","Every cell drills to its source","(gold case TBD)","Absent"
Journalist,JRN-18,Who's who resolution,"Unify names and aliases to one subject","Candidate names; mentions","Entities; aliases; mentions","(workflow state)","review; decision","Identity Resolution","Identity decision log","Propose merges","Confirm/reject merge","Auto-merge without review","Merge reversible; decision recorded","(gold case TBD)","Absent"
Journalist,JRN-19,Causal analysis,"Trace why events unfolded","Event; evidence","MethodRuns; Claims; evidence","(workflow state)","five whys; fishbone","Causal Analysis","Causal chain record","Suggest why-levels","Confirm root cause","Unsupported causal leap","Chain deepens only from supported levels","(gold case TBD)","Absent"
Journalist,JRN-20,Source-document vault,"Custody-tracked vault for source documents","Documents","Sources; custody events; hashes","(workflow state); SensitiveScope","custody","Evidence Vault","Custody log","Hash on intake","Confirm custody events","Alter originals","Tamper-evident custody chain","(gold case TBD)","Absent"
Journalist,JRN-21,Correction actions,"Track corrective actions on published errors","Published error","MethodRuns (CAPA); Claims","(workflow state)","CAPA","Correction Actions","Correction action record","Track action status","Close each action","Silently unpublish","Each action links its cause","(gold case TBD)","Absent"
Journalist,JRN-22,Correction effectiveness,"Verify a published correction resolved the error","Closed correction","MethodRuns (effectiveness); evidence","(workflow state)","effectiveness check","Effectiveness Review","Effectiveness record","Collect check evidence","Effectiveness decision","Infer effectiveness from closure","Decision is human and evidence-backed","(gold case TBD)","Absent"
Individual,IND-14,Ask my records,"Ask a question over your records","Question","Sources; EvidenceBlocks; Claims","(workflow state)","retrieval; evidence gate","Ask","Cited answer","Retrieve evidence","Accept/refine answer","Answer beyond your records","Every answer cites its document","(gold case TBD)","Absent"
Individual,IND-15,Guided methods,"Step-by-step structured methods","Topic; method choice","MethodRuns; Claims; evidence","(workflow state)","5W1H; checklists","Methods","Method run record","Suggest next step","Human review gates","Auto-confirm findings","Method validators enforced","(gold case TBD)","Absent"
Individual,IND-16,Name & alias resolution,"Confirm two names are the same person/company","Candidate names","Entities; aliases; mentions","(workflow state)","review; decision","Identity Resolution","Identity decision log","Propose matches","You confirm/reject","Auto-merge without review","Merge reversible; decision recorded","(gold case TBD)","Absent"
Individual,IND-17,Document reliability,"Assess how reliable a document/source is","Document","Sources; reliability assessments","(workflow state)","reliability review","Source Reliability","Reliability record","Suggest factors","Confirm assessment","Declare a document true","Assessment cites its basis","(gold case TBD)","Absent"
Individual,IND-18,Conflicts & gaps,"See where records disagree or are missing","Records scope","Contradictions; gaps","(workflow state)","contradiction; gap","Conflicts & Gaps","Conflict/gap register","Surface conflicts","Review each conflict","Average conflicts away","Both sides preserved; absence labelled","(gold case TBD)","Absent"
Individual,IND-19,Why did this happen?,"Trace causes step by step","Event; records","MethodRuns; Claims; evidence","(workflow state)","five whys","Causal Analysis","Causal chain record","Suggest why-levels","Confirm root cause","Unsupported causal leap","Chain deepens only from supported levels","(gold case TBD)","Absent"
Individual,IND-20,Fix-it list,"Track corrective actions to closure","Identified problems","MethodRuns (CAPA)","(workflow state)","CAPA","Fix-it List","Action record","Track action status","Close each action","Mark fixed without doing it","Each action links its cause","(gold case TBD)","Absent"
Individual,IND-21,Did the fix work?,"Verify a completed fix resolved the problem","Closed action","MethodRuns (effectiveness); evidence","(workflow state)","effectiveness check","Effectiveness Review","Effectiveness record","Collect check evidence","You decide effectiveness","Infer effectiveness from closure","Decision is human and evidence-backed","(gold case TBD)","Absent"
Individual,IND-22,Document vault,"Custody-tracked vault for originals","Documents","Sources; custody events; hashes","(workflow state); SensitiveScope","custody","Document Vault","Custody log","Hash on intake","Confirm custody events","Alter originals","Tamper-evident custody chain","(gold case TBD)","Absent"
Individual,IND-23,Close a matter,"Close a personal matter with sealed state","Matter; open items","InvestigationCase; events","(workflow state)","closure review","Matter Closure","Closure record","List open items","Confirm closure","Destroy history on close","Reopen preserves full history","(gold case TBD)","Absent"
Lawyer,LAW-15,Ask the case file,"Ask a question over the matter record","Question; matter scope","Sources; EvidenceBlocks; Claims","(workflow state)","retrieval; evidence gate","Ask","Cited answer","Retrieve evidence","Accept/refine answer","Answer beyond the record","Every claim cites evidence","(gold case TBD)","Absent"
Lawyer,LAW-16,Method workbench,"Run structured methods over the matter","Matter; method choice","MethodRuns; Claims; evidence","(workflow state)","5W1H; hypothesis matrix","Methods","Method run record","Suggest next step","Human review gates","Auto-confirm findings","Method validators enforced","(gold case TBD)","Absent"
Lawyer,LAW-17,Party & alias resolution,"Unify party names and aliases","Candidate names; mentions","Entities; aliases; mentions","(workflow state)","review; decision","Identity Resolution","Identity decision log","Propose merges","Confirm/reject merge","Auto-merge without review","Merge reversible; decision recorded","(gold case TBD)","Absent"
Lawyer,LAW-18,Source reliability desk,"Assess reliability/independence of sources","Sources","Sources; reliability assessments","(workflow state)","reliability review","Source Reliability","Reliability record","Suggest factors","Confirm assessment","Declare a source true","Assessment cites its basis","(gold case TBD)","Absent"
Lawyer,LAW-19,Causation analysis,"Trace causation step by step","Event; record","MethodRuns; Claims; evidence","(workflow state)","five whys; fishbone","Causal Analysis","Causal chain record","Suggest why-levels","Confirm root cause","Assert legal causation as fact","Chain deepens only from supported levels","(gold case TBD)","Absent"
Lawyer,LAW-20,Remediation register,"Track remediation/undertakings to closure","Identified issues","MethodRuns (CAPA)","(workflow state)","CAPA","Remediation Register","Remediation record","Track action status","Close each action","Mark remediated without evidence","Each action links its cause","(gold case TBD)","Absent"
Lawyer,LAW-21,Remediation effectiveness,"Verify a remediation resolved the issue","Closed remediation","MethodRuns (effectiveness); evidence","(workflow state)","effectiveness check","Effectiveness Review","Effectiveness record","Collect check evidence","Effectiveness decision","Infer effectiveness from closure","Decision is human and evidence-backed","(gold case TBD)","Absent"
Lawyer,LAW-22,Matter closure & reopen,"Close the matter; reopen preserves history","Matter; open items","InvestigationCase; events","(workflow state)","closure review","Matter Closure","Closure record","List open items","Confirm closure","Destroy history on close","Reopen preserves full history","(gold case TBD)","Absent"
